id;date;user_id;customer_id
1;2020-01-02;123456;0
2;2020-01-03;123456;0
3;2020-01-06;123456;0
4;2020-01-07;123456;0
5;2020-01-08;123456;0
6;2020-01-09;123456;0
7;2020-01-10;123456;0
8;2020-01-13;123456;1
9;2020-01-14;123456;1
10;2020-01-15;123456;1
11;2020-01-16;123456;1
12;2020-01-17;123456;0
13;2020-01-20;123456;1
14;2020-01-21;123456;1
15;2020-01-22;123456;1
16;2020-01-23;123456;13
17;2020-01-24;123456;13
18;2020-01-27;123456;2
19;2020-01-28;123456;2
20;2020-01-29;123456;2
21;2020-01-30;123456;0
22;2020-01-31;123456;0
23;2020-02-03;123456;2
24;2020-02-04;123456;2
25;2020-02-05;123456;2
26;2020-02-06;123456;2
27;2020-02-07;123456;0
28;2020-02-10;123456;2
29;2020-02-11;123456;2
30;2020-02-12;123456;2
31;2020-02-13;123456;13
32;2020-02-14;123456;13
33;2020-02-17;123456;1
34;2020-02-18;123456;1
35;2020-02-19;123456;1
36;2020-02-20;123456;13
37;2020-02-21;123456;13
38;2020-02-24;123456;1
39;2020-02-25;123456;1
40;2020-02-26;123456;1
41;2020-02-27;123456;0
42;2020-02-28;123456;0
43;2020-03-02;123456;1
44;2020-03-03;123456;1
45;2020-03-04;123456;1
46;2020-03-05;123456;0
47;2020-03-06;123456;0
48;2020-03-09;123456;1
49;2020-03-10;123456;1
50;2020-03-11;123456;1
51;2020-03-12;123456;8
52;2020-03-13;123456;8
53;2020-03-16;123456;1
54;2020-03-17;123456;1
55;2020-03-18;123456;1
56;2020-03-19;123456;0
57;2020-03-20;123456;0
58;2020-03-23;123456;1
59;2020-03-24;123456;1
60;2020-03-25;123456;1
61;2020-03-26;123456;1
62;2020-03-27;123456;0
63;2020-03-30;123456;1
64;2020-03-31;123456;1
65;2020-04-01;123456;1
66;2020-04-02;123456;1
67;2020-04-03;123456;0
68;2020-04-06;123456;2
69;2020-04-07;123456;2
70;2020-04-08;123456;2
71;2020-04-09;123456;0
72;2020-04-14;123456;2
73;2020-04-15;123456;2
74;2020-04-16;123456;2
75;2020-04-17;123456;2
76;2020-04-20;123456;2
77;2020-04-21;123456;2
78;2020-04-22;123456;2
79;2020-04-23;123456;2
80;2020-04-24;123456;2
81;2020-04-27;123456;2
82;2020-04-28;123456;2
83;2020-04-29;123456;2
84;2020-04-30;123456;0
85;2020-05-04;123456;1
86;2020-05-05;123456;1
87;2020-05-06;123456;1
88;2020-05-07;123456;8
89;2020-05-08;123456;8
90;2020-05-11;123456;1
91;2020-05-12;123456;1
92;2020-05-13;123456;1
93;2020-05-14;123456;0
94;2020-05-15;123456;0
95;2020-05-18;123456;1
96;2020-05-19;123456;1
97;2020-05-20;123456;1
98;2020-05-22;123456;1
99;2020-05-25;123456;1
100;2020-05-26;123456;1
101;2020-05-27;123456;1
102;2020-05-28;123456;13
103;2020-05-29;123456;13
104;2020-06-02;123456;2
105;2020-06-03;123456;2
106;2020-06-04;123456;13
107;2020-06-05;123456;13
108;2020-06-08;123456;2
109;2020-06-09;123456;2
110;2020-06-10;123456;2
111;2020-06-11;123456;13
112;2020-06-12;123456;13
113;2020-06-15;123456;2
114;2020-06-16;123456;2
115;2020-06-17;123456;13
116;2020-06-18;123456;13
117;2020-06-19;123456;13
118;2020-06-22;123456;2
119;2020-06-23;123456;2
120;2020-06-24;123456;2
121;2020-06-25;123456;0
122;2020-06-26;123456;0
123;2020-06-29;123456;2
124;2020-06-30;123456;2
125;2020-07-01;123456;2
126;2020-07-02;123456;2
127;2020-07-03;123456;2
128;2020-07-06;123456;0
129;2020-07-07;123456;0
130;2020-07-08;123456;0
131;2020-07-09;123456;0
132;2020-07-10;123456;0
133;2020-07-13;123456;0
134;2020-07-14;123456;0
135;2020-07-15;123456;0
136;2020-07-16;123456;0
137;2020-07-17;123456;0
138;2020-07-20;123456;1
139;2020-07-21;123456;1
140;2020-07-22;123456;1
141;2020-07-23;123456;1
142;2020-07-24;123456;1
143;2020-07-27;123456;1
144;2020-07-28;123456;1
145;2020-07-29;123456;1
146;2020-07-30;123456;1
147;2020-07-31;123456;1
148;2020-08-03;123456;1
149;2020-08-04;123456;1
150;2020-08-05;123456;1
151;2020-08-06;123456;1
152;2020-08-07;123456;1
153;2020-08-10;123456;1
154;2020-08-11;123456;1
155;2020-08-12;123456;1
156;2020-08-13;123456;0
157;2020-08-14;123456;0
158;2020-08-17;123456;2
159;2020-08-18;123456;2
160;2020-08-19;123456;2
161;2020-08-20;123456;2
162;2020-08-21;123456;2
163;2020-08-24;123456;2
164;2020-08-25;123456;2
165;2020-08-26;123456;2
166;2020-08-27;123456;2
167;2020-08-28;123456;0
168;2020-08-31;123456;2
169;2020-09-01;123456;2
170;2020-09-02;123456;2
171;2020-09-03;123456;2
172;2020-09-04;123456;2
173;2020-09-07;123456;2
174;2020-09-08;123456;2
175;2020-09-09;123456;2
176;2020-09-10;123456;2
177;2020-09-11;123456;2
178;2020-09-14;123456;0
179;2020-09-15;123456;0
180;2020-09-16;123456;0
181;2020-09-17;123456;0
182;2020-09-18;123456;0
183;2020-09-21;123456;1
184;2020-09-22;123456;1
185;2020-09-23;123456;1
186;2020-09-24;123456;1
187;2020-09-25;123456;0
188;2020-09-28;123456;1
189;2020-09-29;123456;1
190;2020-09-30;123456;6
191;2020-10-01;123456;6
192;2020-10-02;123456;6
193;2020-10-05;123456;0
194;2020-10-06;123456;0
195;2020-10-07;123456;0
196;2020-10-08;123456;0
197;2020-10-09;123456;0
198;2020-10-12;123456;0
199;2020-10-13;123456;0
200;2020-10-14;123456;0
201;2020-10-15;123456;0
202;2020-10-16;123456;0
203;2020-10-19;123456;0
204;2020-10-20;123456;0
205;2020-10-21;123456;0
206;2020-10-22;123456;0
207;2020-10-23;123456;0
208;2020-10-26;123456;0
209;2020-10-27;123456;0
210;2020-10-28;123456;0
211;2020-10-29;123456;0
212;2020-10-30;123456;0
213;2020-11-02;123456;1
214;2020-11-03;123456;1
215;2020-11-04;123456;1
216;2020-11-05;123456;0
217;2020-11-06;123456;0
218;2020-11-09;123456;1
219;2020-11-10;123456;1
220;2020-11-11;123456;1
221;2020-11-12;123456;0
222;2020-11-13;123456;0
223;2020-11-16;123456;1
224;2020-11-17;123456;1
225;2020-11-18;123456;1
226;2020-11-19;123456;0
227;2020-11-20;123456;0
228;2020-11-23;123456;1
229;2020-11-24;123456;1
230;2020-11-25;123456;1
231;2020-11-26;123456;0
232;2020-11-27;123456;0
233;2020-11-30;123456;0
234;2020-12-01;123456;0
235;2020-12-02;123456;0
236;2020-12-03;123456;0
237;2020-12-04;123456;0
238;2020-12-07;123456;0
239;2020-12-08;123456;0
240;2020-12-09;123456;0
241;2020-12-10;123456;0
242;2020-12-11;123456;0
243;2020-12-14;123456;0
244;2020-12-15;123456;0
245;2020-12-16;123456;0
246;2020-12-17;123456;0
247;2020-12-18;123456;0
248;2020-12-21;123456;0
249;2020-12-22;123456;0
250;2020-12-23;123456;0
251;2020-12-28;123456;0
252;2020-12-29;123456;0
253;2020-12-30;123456;0
254;2020-01-02;987654;0
255;2020-01-03;987654;0
256;2020-01-06;987654;0
257;2020-01-07;987654;0
258;2020-01-08;987654;0
259;2020-01-09;987654;0
260;2020-01-10;987654;0
261;2020-01-13;987654;9
262;2020-01-14;987654;9
263;2020-01-15;987654;9
264;2020-01-16;987654;9
265;2020-01-17;987654;0
266;2020-01-20;987654;9
267;2020-01-21;987654;9
268;2020-01-22;987654;9
269;2020-01-23;987654;9
270;2020-01-24;987654;0
271;2020-01-27;987654;9
272;2020-01-28;987654;9
273;2020-01-29;987654;9
274;2020-01-30;987654;9
275;2020-01-31;987654;0
276;2020-02-03;987654;9
277;2020-02-04;987654;9
278;2020-02-05;987654;9
279;2020-02-06;987654;9
280;2020-02-07;987654;0
281;2020-02-10;987654;9
282;2020-02-11;987654;9
283;2020-02-12;987654;9
284;2020-02-13;987654;9
285;2020-02-14;987654;0
286;2020-02-17;987654;9
287;2020-02-18;987654;9
288;2020-02-19;987654;9
289;2020-02-20;987654;7
290;2020-02-21;987654;7
291;2020-02-24;987654;16
292;2020-02-25;987654;16
293;2020-02-26;987654;9
294;2020-02-27;987654;9
295;2020-02-28;987654;0
296;2020-03-02;987654;16
297;2020-03-03;987654;16
298;2020-03-04;987654;9
299;2020-03-05;987654;9
300;2020-03-06;987654;0
301;2020-03-09;987654;16
302;2020-03-10;987654;16
303;2020-03-11;987654;9
304;2020-03-12;987654;9
305;2020-03-13;987654;0
306;2020-03-16;987654;16
307;2020-03-17;987654;16
308;2020-03-18;987654;9
309;2020-03-19;987654;9
310;2020-03-20;987654;9
311;2020-03-23;987654;9
312;2020-03-24;987654;9
313;2020-03-25;987654;9
314;2020-03-26;987654;9
315;2020-03-27;987654;9
316;2020-03-30;987654;16
317;2020-03-31;987654;16
318;2020-04-01;987654;16
319;2020-04-02;987654;16
320;2020-04-03;987654;16
321;2020-04-06;987654;8
322;2020-04-07;987654;8
323;2020-04-08;987654;8
324;2020-04-09;987654;8
325;2020-04-14;987654;0
326;2020-04-15;987654;0
327;2020-04-16;987654;0
328;2020-04-17;987654;0
329;2020-04-20;987654;9
330;2020-04-21;987654;9
331;2020-04-22;987654;9
332;2020-04-23;987654;9
333;2020-04-24;987654;0
334;2020-04-27;987654;9
335;2020-04-28;987654;9
336;2020-04-29;987654;9
337;2020-04-30;987654;9
338;2020-05-04;987654;16
339;2020-05-05;987654;16
340;2020-05-06;987654;8
341;2020-05-07;987654;8
342;2020-05-08;987654;0
343;2020-05-11;987654;16
344;2020-05-12;987654;16
345;2020-05-13;987654;8
346;2020-05-14;987654;7
347;2020-05-15;987654;7
348;2020-05-18;987654;8
349;2020-05-19;987654;16
350;2020-05-20;987654;16
351;2020-05-22;987654;0
352;2020-05-25;987654;16
353;2020-05-26;987654;8
354;2020-05-27;987654;8
355;2020-05-28;987654;8
356;2020-05-29;987654;0
357;2020-06-02;987654;9
358;2020-06-03;987654;9
359;2020-06-04;987654;9
360;2020-06-05;987654;9
361;2020-06-08;987654;0
362;2020-06-09;987654;0
363;2020-06-10;987654;0
364;2020-06-11;987654;0
365;2020-06-12;987654;0
366;2020-06-15;987654;9
367;2020-06-16;987654;9
368;2020-06-17;987654;9
369;2020-06-18;987654;9
370;2020-06-19;987654;0
371;2020-06-22;987654;9
372;2020-06-23;987654;9
373;2020-06-24;987654;16
374;2020-06-25;987654;16
375;2020-06-26;987654;0
376;2020-06-29;987654;9
377;2020-06-30;987654;9
378;2020-07-01;987654;16
379;2020-07-02;987654;16
380;2020-07-03;987654;0
381;2020-07-06;987654;9
382;2020-07-07;987654;9
383;2020-07-08;987654;16
384;2020-07-09;987654;16
385;2020-07-10;987654;0
386;2020-07-13;987654;0
387;2020-07-14;987654;0
388;2020-07-15;987654;0
389;2020-07-16;987654;0
390;2020-07-17;987654;0
391;2020-07-20;987654;0
392;2020-07-21;987654;0
393;2020-07-22;987654;0
394;2020-07-23;987654;0
395;2020-07-24;987654;0
396;2020-07-27;987654;13
397;2020-07-28;987654;13
398;2020-07-29;987654;13
399;2020-07-30;987654;13
400;2020-07-31;987654;13
401;2020-08-03;987654;9
402;2020-08-04;987654;9
403;2020-08-05;987654;16
404;2020-08-06;987654;16
405;2020-08-07;987654;0
406;2020-08-10;987654;9
407;2020-08-11;987654;9
408;2020-08-12;987654;16
409;2020-08-13;987654;16
410;2020-08-14;987654;0
411;2020-08-17;987654;9
412;2020-08-18;987654;9
413;2020-08-19;987654;16
414;2020-08-20;987654;16
415;2020-08-21;987654;0
416;2020-08-24;987654;16
417;2020-08-25;987654;16
418;2020-08-26;987654;16
419;2020-08-27;987654;16
420;2020-08-28;987654;0
421;2020-08-31;987654;8
422;2020-09-01;987654;8
423;2020-09-02;987654;8
424;2020-09-03;987654;7
425;2020-09-04;987654;7
426;2020-09-07;987654;9
427;2020-09-08;987654;9
428;2020-09-09;987654;9
429;2020-09-10;987654;9
430;2020-09-11;987654;0
431;2020-09-14;987654;9
432;2020-09-15;987654;9
433;2020-09-16;987654;9
434;2020-09-17;987654;9
435;2020-09-18;987654;9
436;2020-09-21;987654;9
437;2020-09-22;987654;9
438;2020-09-23;987654;9
439;2020-09-24;987654;9
440;2020-09-25;987654;9
441;2020-09-28;987654;9
442;2020-09-29;987654;9
443;2020-09-30;987654;9
444;2020-10-01;987654;13
445;2020-10-02;987654;13
446;2020-10-05;987654;0
447;2020-10-06;987654;0
448;2020-10-07;987654;7
449;2020-10-08;987654;7
450;2020-10-09;987654;7
451;2020-10-12;987654;0
452;2020-10-13;987654;0
453;2020-10-14;987654;7
454;2020-10-15;987654;7
455;2020-10-16;987654;7
456;2020-10-19;987654;0
457;2020-10-20;987654;0
458;2020-10-21;987654;7
459;2020-10-22;987654;7
460;2020-10-23;987654;7
461;2020-10-26;987654;0
462;2020-10-27;987654;0
463;2020-10-28;987654;7
464;2020-10-29;987654;7
465;2020-10-30;987654;7
466;2020-11-02;987654;7
467;2020-11-03;987654;7
468;2020-11-04;987654;7
469;2020-11-05;987654;0
470;2020-11-06;987654;0
471;2020-11-09;987654;0
472;2020-11-10;987654;0
473;2020-11-11;987654;0
474;2020-11-12;987654;0
475;2020-11-13;987654;0
476;2020-11-16;987654;0
477;2020-11-17;987654;0
478;2020-11-18;987654;0
479;2020-11-19;987654;0
480;2020-11-20;987654;0
481;2020-11-23;987654;0
482;2020-11-24;987654;0
483;2020-11-25;987654;0
484;2020-11-26;987654;0
485;2020-11-27;987654;0
486;2020-11-30;987654;0
487;2020-12-01;987654;0
488;2020-12-02;987654;0
489;2020-12-03;987654;0
490;2020-12-04;987654;0
491;2020-12-07;987654;0
492;2020-12-08;987654;0
493;2020-12-09;987654;0
494;2020-12-10;987654;0
495;2020-12-11;987654;0
496;2020-12-14;987654;7
497;2020-12-15;987654;7
498;2020-12-16;987654;7
499;2020-12-17;987654;7
500;2020-12-18;987654;7
501;2020-12-21;987654;0
502;2020-12-22;987654;0
503;2020-12-23;987654;0
504;2020-12-28;987654;0
505;2020-12-29;987654;0
506;2020-12-30;987654;0
507;2020-01-02;46987;1
508;2020-01-03;46987;1
509;2020-01-06;46987;1
510;2020-01-07;46987;1
511;2020-01-08;46987;1
512;2020-01-09;46987;1
513;2020-01-10;46987;1
514;2020-01-13;46987;13
515;2020-01-14;46987;13
516;2020-01-15;46987;13
517;2020-01-16;46987;13
518;2020-01-17;46987;13
519;2020-01-20;46987;2
520;2020-01-21;46987;2
521;2020-01-22;46987;2
522;2020-01-23;46987;2
523;2020-01-24;46987;2
524;2020-01-27;46987;2
525;2020-01-28;46987;2
526;2020-01-29;46987;2
527;2020-01-30;46987;0
528;2020-01-31;46987;0
529;2020-02-03;46987;2
530;2020-02-04;46987;2
531;2020-02-05;46987;2
532;2020-02-06;46987;0
533;2020-02-07;46987;0
534;2020-02-10;46987;2
535;2020-02-11;46987;2
536;2020-02-12;46987;2
537;2020-02-13;46987;0
538;2020-02-14;46987;0
539;2020-02-17;46987;2
540;2020-02-18;46987;2
541;2020-02-19;46987;2
542;2020-02-20;46987;0
543;2020-02-21;46987;0
544;2020-02-24;46987;13
545;2020-02-25;46987;13
546;2020-02-26;46987;13
547;2020-02-27;46987;13
548;2020-02-28;46987;13
549;2020-03-02;46987;1
550;2020-03-03;46987;1
551;2020-03-04;46987;1
552;2020-03-05;46987;1
553;2020-03-06;46987;1
554;2020-03-09;46987;13
555;2020-03-10;46987;13
556;2020-03-11;46987;13
557;2020-03-12;46987;13
558;2020-03-13;46987;13
559;2020-03-16;46987;1
560;2020-03-17;46987;1
561;2020-03-18;46987;1
562;2020-03-19;46987;1
563;2020-03-20;46987;0
564;2020-03-23;46987;1
565;2020-03-24;46987;1
566;2020-03-25;46987;1
567;2020-03-26;46987;1
568;2020-03-27;46987;1
569;2020-03-30;46987;1
570;2020-03-31;46987;1
571;2020-04-01;46987;1
572;2020-04-02;46987;13
573;2020-04-03;46987;13
574;2020-04-06;46987;3
575;2020-04-07;46987;3
576;2020-04-08;46987;3
577;2020-04-09;46987;0
578;2020-04-14;46987;0
579;2020-04-15;46987;3
580;2020-04-16;46987;3
581;2020-04-17;46987;3
582;2020-04-20;46987;0
583;2020-04-21;46987;0
584;2020-04-22;46987;11
585;2020-04-23;46987;11
586;2020-04-24;46987;11
587;2020-04-27;46987;11
588;2020-04-28;46987;11
589;2020-04-29;46987;11
590;2020-04-30;46987;11
591;2020-05-04;46987;11
592;2020-05-05;46987;11
593;2020-05-06;46987;11
594;2020-05-07;46987;11
595;2020-05-08;46987;11
596;2020-05-11;46987;11
597;2020-05-12;46987;11
598;2020-05-13;46987;11
599;2020-05-14;46987;13
600;2020-05-15;46987;13
601;2020-05-18;46987;3
602;2020-05-19;46987;3
603;2020-05-20;46987;3
604;2020-05-22;46987;3
605;2020-05-25;46987;13
606;2020-05-26;46987;13
607;2020-05-27;46987;13
608;2020-05-28;46987;13
609;2020-05-29;46987;13
610;2020-06-02;46987;0
611;2020-06-03;46987;0
612;2020-06-04;46987;0
613;2020-06-05;46987;0
614;2020-06-08;46987;0
615;2020-06-09;46987;0
616;2020-06-10;46987;0
617;2020-06-11;46987;0
618;2020-06-12;46987;0
619;2020-06-15;46987;2
620;2020-06-16;46987;2
621;2020-06-17;46987;2
622;2020-06-18;46987;0
623;2020-06-19;46987;0
624;2020-06-22;46987;2
625;2020-06-23;46987;2
626;2020-06-24;46987;2
627;2020-06-25;46987;2
628;2020-06-26;46987;2
629;2020-06-29;46987;2
630;2020-06-30;46987;2
631;2020-07-01;46987;2
632;2020-07-02;46987;2
633;2020-07-03;46987;2
634;2020-07-06;46987;2
635;2020-07-07;46987;2
636;2020-07-08;46987;2
637;2020-07-09;46987;13
638;2020-07-10;46987;13
639;2020-07-13;46987;0
640;2020-07-14;46987;0
641;2020-07-15;46987;0
642;2020-07-16;46987;0
643;2020-07-17;46987;0
644;2020-07-20;46987;3
645;2020-07-21;46987;3
646;2020-07-22;46987;3
647;2020-07-23;46987;13
648;2020-07-24;46987;13
649;2020-07-27;46987;3
650;2020-07-28;46987;3
651;2020-07-29;46987;3
652;2020-07-30;46987;0
653;2020-07-31;46987;0
654;2020-08-03;46987;3
655;2020-08-04;46987;3
656;2020-08-05;46987;3
657;2020-08-06;46987;0
658;2020-08-07;46987;0
659;2020-08-10;46987;3
660;2020-08-11;46987;3
661;2020-08-12;46987;3
662;2020-08-13;46987;0
663;2020-08-14;46987;0
664;2020-08-17;46987;11
665;2020-08-18;46987;11
666;2020-08-19;46987;11
667;2020-08-20;46987;11
668;2020-08-21;46987;11
669;2020-08-24;46987;11
670;2020-08-25;46987;11
671;2020-08-26;46987;11
672;2020-08-27;46987;11
673;2020-08-28;46987;11
674;2020-08-31;46987;11
675;2020-09-01;46987;11
676;2020-09-02;46987;11
677;2020-09-03;46987;11
678;2020-09-04;46987;11
679;2020-09-07;46987;11
680;2020-09-08;46987;11
681;2020-09-09;46987;11
682;2020-09-10;46987;0
683;2020-09-11;46987;0
684;2020-09-14;46987;2
685;2020-09-15;46987;2
686;2020-09-16;46987;2
687;2020-09-17;46987;0
688;2020-09-18;46987;0
689;2020-09-21;46987;2
690;2020-09-22;46987;2
691;2020-09-23;46987;2
692;2020-09-24;46987;0
693;2020-09-25;46987;0
694;2020-09-28;46987;2
695;2020-09-29;46987;2
696;2020-09-30;46987;2
697;2020-10-01;46987;0
698;2020-10-02;46987;0
699;2020-10-05;46987;0
700;2020-10-06;46987;0
701;2020-10-07;46987;0
702;2020-10-08;46987;0
703;2020-10-09;46987;0
704;2020-10-12;46987;0
705;2020-10-13;46987;0
706;2020-10-14;46987;0
707;2020-10-15;46987;0
708;2020-10-16;46987;0
709;2020-10-19;46987;0
710;2020-10-20;46987;0
711;2020-10-21;46987;0
712;2020-10-22;46987;0
713;2020-10-23;46987;0
714;2020-10-26;46987;0
715;2020-10-27;46987;0
716;2020-10-28;46987;0
717;2020-10-29;46987;0
718;2020-10-30;46987;0
719;2020-11-02;46987;3
720;2020-11-03;46987;3
721;2020-11-04;46987;3
722;2020-11-05;46987;0
723;2020-11-06;46987;0
724;2020-11-09;46987;3
725;2020-11-10;46987;3
726;2020-11-11;46987;3
727;2020-11-12;46987;0
728;2020-11-13;46987;0
729;2020-11-16;46987;3
730;2020-11-17;46987;3
731;2020-11-18;46987;3
732;2020-11-19;46987;0
733;2020-11-20;46987;0
734;2020-11-23;46987;3
735;2020-11-24;46987;3
736;2020-11-25;46987;3
737;2020-11-26;46987;0
738;2020-11-27;46987;0
739;2020-11-30;46987;3
740;2020-12-01;46987;3
741;2020-12-02;46987;3
742;2020-12-03;46987;0
743;2020-12-04;46987;0
744;2020-12-07;46987;0
745;2020-12-08;46987;0
746;2020-12-09;46987;0
747;2020-12-10;46987;0
748;2020-12-11;46987;0
749;2020-12-14;46987;0
750;2020-12-15;46987;0
751;2020-12-16;46987;0
752;2020-12-17;46987;0
753;2020-12-18;46987;0
754;2020-12-21;46987;0
755;2020-12-22;46987;0
756;2020-12-23;46987;0
757;2020-12-28;46987;0
758;2020-12-29;46987;0
759;2020-12-30;46987;0
760;2020-01-02;59224;0
761;2020-01-03;59224;0
762;2020-01-06;59224;1
763;2020-01-07;59224;1
764;2020-01-08;59224;1
765;2020-01-09;59224;1
766;2020-01-10;59224;1
767;2020-01-13;59224;9
768;2020-01-14;59224;9
769;2020-01-15;59224;9
770;2020-01-16;59224;9
771;2020-01-17;59224;0
772;2020-01-20;59224;9
773;2020-01-21;59224;9
774;2020-01-22;59224;9
775;2020-01-23;59224;9
776;2020-01-24;59224;0
777;2020-01-27;59224;9
778;2020-01-28;59224;9
779;2020-01-29;59224;9
780;2020-01-30;59224;9
781;2020-01-31;59224;0
782;2020-02-03;59224;9
783;2020-02-04;59224;9
784;2020-02-05;59224;9
785;2020-02-06;59224;9
786;2020-02-07;59224;0
787;2020-02-10;59224;9
788;2020-02-11;59224;9
789;2020-02-12;59224;9
790;2020-02-13;59224;9
791;2020-02-14;59224;0
792;2020-02-17;59224;9
793;2020-02-18;59224;9
794;2020-02-19;59224;9
795;2020-02-20;59224;0
796;2020-02-21;59224;0
797;2020-02-24;59224;0
798;2020-02-25;59224;2
799;2020-02-26;59224;2
800;2020-02-27;59224;0
801;2020-02-28;59224;0
802;2020-03-02;59224;0
803;2020-03-03;59224;0
804;2020-03-04;59224;0
805;2020-03-05;59224;0
806;2020-03-06;59224;0
807;2020-03-09;59224;10
808;2020-03-10;59224;10
809;2020-03-11;59224;10
810;2020-03-12;59224;14
811;2020-03-13;59224;14
812;2020-03-16;59224;10
813;2020-03-17;59224;10
814;2020-03-18;59224;10
815;2020-03-19;59224;14
816;2020-03-20;59224;14
817;2020-03-23;59224;10
818;2020-03-24;59224;10
819;2020-03-25;59224;10
820;2020-03-26;59224;14
821;2020-03-27;59224;14
822;2020-03-30;59224;10
823;2020-03-31;59224;10
824;2020-04-01;59224;10
825;2020-04-02;59224;14
826;2020-04-03;59224;14
827;2020-04-06;59224;0
828;2020-04-07;59224;0
829;2020-04-08;59224;0
830;2020-04-09;59224;0
831;2020-04-14;59224;0
832;2020-04-15;59224;0
833;2020-04-16;59224;0
834;2020-04-17;59224;0
835;2020-04-20;59224;10
836;2020-04-21;59224;10
837;2020-04-22;59224;10
838;2020-04-23;59224;14
839;2020-04-24;59224;14
840;2020-04-27;59224;10
841;2020-04-28;59224;10
842;2020-04-29;59224;10
843;2020-04-30;59224;14
844;2020-05-04;59224;10
845;2020-05-05;59224;10
846;2020-05-06;59224;10
847;2020-05-07;59224;14
848;2020-05-08;59224;14
849;2020-05-11;59224;10
850;2020-05-12;59224;10
851;2020-05-13;59224;10
852;2020-05-14;59224;14
853;2020-05-15;59224;14
854;2020-05-18;59224;10
855;2020-05-19;59224;14
856;2020-05-20;59224;14
857;2020-05-22;59224;14
858;2020-05-25;59224;10
859;2020-05-26;59224;10
860;2020-05-27;59224;10
861;2020-05-28;59224;14
862;2020-05-29;59224;14
863;2020-06-02;59224;10
864;2020-06-03;59224;10
865;2020-06-04;59224;14
866;2020-06-05;59224;14
867;2020-06-08;59224;10
868;2020-06-09;59224;10
869;2020-06-10;59224;10
870;2020-06-11;59224;14
871;2020-06-12;59224;14
872;2020-06-15;59224;10
873;2020-06-16;59224;10
874;2020-06-17;59224;10
875;2020-06-18;59224;14
876;2020-06-19;59224;14
877;2020-06-22;59224;10
878;2020-06-23;59224;10
879;2020-06-24;59224;10
880;2020-06-25;59224;10
881;2020-06-26;59224;10
882;2020-06-29;59224;10
883;2020-06-30;59224;10
884;2020-07-01;59224;10
885;2020-07-02;59224;14
886;2020-07-03;59224;14
887;2020-07-06;59224;0
888;2020-07-07;59224;0
889;2020-07-08;59224;0
890;2020-07-09;59224;14
891;2020-07-10;59224;14
892;2020-07-13;59224;0
893;2020-07-14;59224;0
894;2020-07-15;59224;0
895;2020-07-16;59224;14
896;2020-07-17;59224;14
897;2020-07-20;59224;12
898;2020-07-21;59224;12
899;2020-07-22;59224;12
900;2020-07-23;59224;14
901;2020-07-24;59224;14
902;2020-07-27;59224;0
903;2020-07-28;59224;0
904;2020-07-29;59224;0
905;2020-07-30;59224;14
906;2020-07-31;59224;14
907;2020-08-03;59224;9
908;2020-08-04;59224;9
909;2020-08-05;59224;9
910;2020-08-06;59224;9
911;2020-08-07;59224;9
912;2020-08-10;59224;9
913;2020-08-11;59224;9
914;2020-08-12;59224;9
915;2020-08-13;59224;9
916;2020-08-14;59224;9
917;2020-08-17;59224;9
918;2020-08-18;59224;9
919;2020-08-19;59224;9
920;2020-08-20;59224;9
921;2020-08-21;59224;9
922;2020-08-24;59224;9
923;2020-08-25;59224;9
924;2020-08-26;59224;0
925;2020-08-27;59224;0
926;2020-08-28;59224;0
927;2020-08-31;59224;0
928;2020-09-01;59224;0
929;2020-09-02;59224;0
930;2020-09-03;59224;0
931;2020-09-04;59224;0
932;2020-09-07;59224;0
933;2020-09-08;59224;0
934;2020-09-09;59224;0
935;2020-09-10;59224;0
936;2020-09-11;59224;0
937;2020-09-14;59224;9
938;2020-09-15;59224;9
939;2020-09-16;59224;9
940;2020-09-17;59224;9
941;2020-09-18;59224;0
942;2020-09-21;59224;9
943;2020-09-22;59224;9
944;2020-09-23;59224;9
945;2020-09-24;59224;9
946;2020-09-25;59224;0
947;2020-09-28;59224;9
948;2020-09-29;59224;9
949;2020-09-30;59224;9
950;2020-10-01;59224;13
951;2020-10-02;59224;13
952;2020-10-05;59224;9
953;2020-10-06;59224;9
954;2020-10-07;59224;9
955;2020-10-08;59224;9
956;2020-10-09;59224;0
957;2020-10-12;59224;9
958;2020-10-13;59224;9
959;2020-10-14;59224;9
960;2020-10-15;59224;9
961;2020-10-16;59224;0
962;2020-10-19;59224;9
963;2020-10-20;59224;9
964;2020-10-21;59224;9
965;2020-10-22;59224;9
966;2020-10-23;59224;0
967;2020-10-26;59224;9
968;2020-10-27;59224;9
969;2020-10-28;59224;9
970;2020-10-29;59224;9
971;2020-10-30;59224;0
972;2020-11-02;59224;0
973;2020-11-03;59224;0
974;2020-11-04;59224;0
975;2020-11-05;59224;0
976;2020-11-06;59224;0
977;2020-11-09;59224;0
978;2020-11-10;59224;0
979;2020-11-11;59224;13
980;2020-11-12;59224;13
981;2020-11-13;59224;13
982;2020-11-16;59224;0
983;2020-11-17;59224;0
984;2020-11-18;59224;13
985;2020-11-19;59224;13
986;2020-11-20;59224;13
987;2020-11-23;59224;0
988;2020-11-24;59224;0
989;2020-11-25;59224;0
990;2020-11-26;59224;0
991;2020-11-27;59224;0
992;2020-11-30;59224;0
993;2020-12-01;59224;0
994;2020-12-02;59224;0
995;2020-12-03;59224;0
996;2020-12-04;59224;0
997;2020-12-07;59224;0
998;2020-12-08;59224;0
999;2020-12-09;59224;0
1000;2020-12-10;59224;0
1001;2020-12-11;59224;0
1002;2020-12-14;59224;0
1003;2020-12-15;59224;0
1004;2020-12-16;59224;0
1005;2020-12-17;59224;0
1006;2020-12-18;59224;0
1007;2020-12-21;59224;0
1008;2020-12-22;59224;0
1009;2020-12-23;59224;0
1010;2020-12-28;59224;0
1011;2020-12-29;59224;0
1012;2020-12-30;59224;0
1013;2020-01-02;69652;0
1014;2020-01-03;69652;0
1015;2020-01-06;69652;4
1016;2020-01-07;69652;4
1017;2020-01-08;69652;4
1018;2020-01-09;69652;4
1019;2020-01-10;69652;4
1020;2020-01-13;69652;4
1021;2020-01-14;69652;4
1022;2020-01-15;69652;4
1023;2020-01-16;69652;4
1024;2020-01-17;69652;4
1025;2020-01-20;69652;4
1026;2020-01-21;69652;4
1027;2020-01-22;69652;4
1028;2020-01-23;69652;4
1029;2020-01-24;69652;4
1030;2020-01-27;69652;4
1031;2020-01-28;69652;4
1032;2020-01-29;69652;4
1033;2020-01-30;69652;0
1034;2020-01-31;69652;0
1035;2020-02-03;69652;4
1036;2020-02-04;69652;4
1037;2020-02-05;69652;4
1038;2020-02-06;69652;6
1039;2020-02-07;69652;6
1040;2020-02-10;69652;6
1041;2020-02-11;69652;6
1042;2020-02-12;69652;6
1043;2020-02-13;69652;4
1044;2020-02-14;69652;4
1045;2020-02-17;69652;4
1046;2020-02-18;69652;4
1047;2020-02-19;69652;4
1048;2020-02-20;69652;4
1049;2020-02-21;69652;4
1050;2020-02-24;69652;6
1051;2020-02-25;69652;6
1052;2020-02-26;69652;4
1053;2020-02-27;69652;4
1054;2020-02-28;69652;4
1055;2020-03-02;69652;6
1056;2020-03-03;69652;6
1057;2020-03-04;69652;4
1058;2020-03-05;69652;4
1059;2020-03-06;69652;4
1060;2020-03-09;69652;6
1061;2020-03-10;69652;6
1062;2020-03-11;69652;4
1063;2020-03-12;69652;4
1064;2020-03-13;69652;4
1065;2020-03-16;69652;6
1066;2020-03-17;69652;6
1067;2020-03-18;69652;4
1068;2020-03-19;69652;4
1069;2020-03-20;69652;4
1070;2020-03-23;69652;6
1071;2020-03-24;69652;6
1072;2020-03-25;69652;4
1073;2020-03-26;69652;4
1074;2020-03-27;69652;4
1075;2020-03-30;69652;6
1076;2020-03-31;69652;6
1077;2020-04-01;69652;4
1078;2020-04-02;69652;4
1079;2020-04-03;69652;4
1080;2020-04-06;69652;0
1081;2020-04-07;69652;0
1082;2020-04-08;69652;0
1083;2020-04-09;69652;0
1084;2020-04-14;69652;0
1085;2020-04-15;69652;0
1086;2020-04-16;69652;4
1087;2020-04-17;69652;4
1088;2020-04-20;69652;0
1089;2020-04-21;69652;0
1090;2020-04-22;69652;0
1091;2020-04-23;69652;0
1092;2020-04-24;69652;0
1093;2020-04-27;69652;4
1094;2020-04-28;69652;4
1095;2020-04-29;69652;4
1096;2020-04-30;69652;4
1097;2020-05-04;69652;13
1098;2020-05-05;69652;13
1099;2020-05-06;69652;13
1100;2020-05-07;69652;13
1101;2020-05-08;69652;13
1102;2020-05-11;69652;13
1103;2020-05-12;69652;13
1104;2020-05-13;69652;13
1105;2020-05-14;69652;13
1106;2020-05-15;69652;0
1107;2020-05-18;69652;4
1108;2020-05-19;69652;4
1109;2020-05-20;69652;4
1110;2020-05-22;69652;0
1111;2020-05-25;69652;4
1112;2020-05-26;69652;4
1113;2020-05-27;69652;12
1114;2020-05-28;69652;12
1115;2020-05-29;69652;0
1116;2020-06-02;69652;0
1117;2020-06-03;69652;0
1118;2020-06-04;69652;0
1119;2020-06-05;69652;0
1120;2020-06-08;69652;4
1121;2020-06-09;69652;4
1122;2020-06-10;69652;12
1123;2020-06-11;69652;12
1124;2020-06-12;69652;0
1125;2020-06-15;69652;4
1126;2020-06-16;69652;4
1127;2020-06-17;69652;12
1128;2020-06-18;69652;12
1129;2020-06-19;69652;0
1130;2020-06-22;69652;4
1131;2020-06-23;69652;4
1132;2020-06-24;69652;12
1133;2020-06-25;69652;12
1134;2020-06-26;69652;0
1135;2020-06-29;69652;4
1136;2020-06-30;69652;4
1137;2020-07-01;69652;12
1138;2020-07-02;69652;12
1139;2020-07-03;69652;0
1140;2020-07-06;69652;4
1141;2020-07-07;69652;4
1142;2020-07-08;69652;12
1143;2020-07-09;69652;12
1144;2020-07-10;69652;0
1145;2020-07-13;69652;4
1146;2020-07-14;69652;4
1147;2020-07-15;69652;12
1148;2020-07-16;69652;12
1149;2020-07-17;69652;0
1150;2020-07-20;69652;4
1151;2020-07-21;69652;4
1152;2020-07-22;69652;12
1153;2020-07-23;69652;12
1154;2020-07-24;69652;0
1155;2020-07-27;69652;4
1156;2020-07-28;69652;4
1157;2020-07-29;69652;9
1158;2020-07-30;69652;9
1159;2020-07-31;69652;9
1160;2020-08-03;69652;9
1161;2020-08-04;69652;9
1162;2020-08-05;69652;9
1163;2020-08-06;69652;9
1164;2020-08-07;69652;9
1165;2020-08-10;69652;4
1166;2020-08-11;69652;4
1167;2020-08-12;69652;12
1168;2020-08-13;69652;12
1169;2020-08-14;69652;0
1170;2020-08-17;69652;4
1171;2020-08-18;69652;4
1172;2020-08-19;69652;12
1173;2020-08-20;69652;12
1174;2020-08-21;69652;0
1175;2020-08-24;69652;4
1176;2020-08-25;69652;4
1177;2020-08-26;69652;12
1178;2020-08-27;69652;12
1179;2020-08-28;69652;0
1180;2020-08-31;69652;0
1181;2020-09-01;69652;0
1182;2020-09-02;69652;0
1183;2020-09-03;69652;0
1184;2020-09-04;69652;0
1185;2020-09-07;69652;0
1186;2020-09-08;69652;0
1187;2020-09-09;69652;0
1188;2020-09-10;69652;0
1189;2020-09-11;69652;0
1190;2020-09-14;69652;0
1191;2020-09-15;69652;0
1192;2020-09-16;69652;0
1193;2020-09-17;69652;0
1194;2020-09-18;69652;0
1195;2020-09-21;69652;0
1196;2020-09-22;69652;0
1197;2020-09-23;69652;0
1198;2020-09-24;69652;0
1199;2020-09-25;69652;0
1200;2020-09-28;69652;4
1201;2020-09-29;69652;4
1202;2020-09-30;69652;4
1203;2020-10-02;69652;4
1204;2020-10-05;69652;0
1205;2020-10-06;69652;0
1206;2020-10-07;69652;0
1207;2020-10-08;69652;0
1208;2020-10-09;69652;0
1209;2020-10-12;69652;0
1210;2020-10-13;69652;0
1211;2020-10-14;69652;0
1212;2020-10-15;69652;13
1213;2020-10-16;69652;13
1214;2020-10-19;69652;0
1215;2020-10-20;69652;0
1216;2020-10-21;69652;0
1217;2020-10-22;69652;0
1218;2020-10-23;69652;0
1219;2020-10-26;69652;0
1220;2020-10-27;69652;0
1221;2020-10-28;69652;0
1222;2020-10-29;69652;0
1223;2020-10-30;69652;0
1224;2020-11-02;69652;0
1225;2020-11-03;69652;0
1226;2020-11-04;69652;0
1227;2020-11-05;69652;0
1228;2020-11-06;69652;0
1229;2020-11-09;69652;0
1230;2020-11-10;69652;0
1231;2020-11-11;69652;0
1232;2020-11-12;69652;0
1233;2020-11-13;69652;0
1234;2020-11-16;69652;0
1235;2020-11-17;69652;0
1236;2020-11-18;69652;0
1237;2020-11-19;69652;0
1238;2020-11-20;69652;0
1239;2020-11-23;69652;0
1240;2020-11-24;69652;0
1241;2020-11-25;69652;0
1242;2020-11-26;69652;0
1243;2020-11-27;69652;0
1244;2020-11-30;69652;0
1245;2020-12-01;69652;0
1246;2020-12-02;69652;0
1247;2020-12-03;69652;0
1248;2020-12-04;69652;0
1249;2020-12-07;69652;0
1250;2020-12-08;69652;0
1251;2020-12-09;69652;0
1252;2020-12-10;69652;0
1253;2020-12-11;69652;0
1254;2020-12-14;69652;0
1255;2020-12-15;69652;0
1256;2020-12-16;69652;0
1257;2020-12-17;69652;0
1258;2020-12-18;69652;0
1259;2020-12-21;69652;0
1260;2020-12-22;69652;0
1261;2020-12-23;69652;0
1262;2020-12-28;69652;0
1263;2020-12-29;69652;0
1264;2020-12-30;69652;0
1265;2020-01-02;77123;6
1266;2020-01-03;77123;6
1267;2020-01-06;77123;15
1268;2020-01-07;77123;15
1269;2020-01-08;77123;15
1270;2020-01-09;77123;11
1271;2020-01-10;77123;11
1272;2020-01-13;77123;15
1273;2020-01-14;77123;15
1274;2020-01-15;77123;15
1275;2020-01-16;77123;11
1276;2020-01-17;77123;11
1277;2020-01-20;77123;15
1278;2020-01-21;77123;15
1279;2020-01-22;77123;15
1280;2020-01-23;77123;11
1281;2020-01-24;77123;11
1282;2020-01-27;77123;15
1283;2020-01-28;77123;15
1284;2020-01-29;77123;15
1285;2020-01-30;77123;11
1286;2020-01-31;77123;11
1287;2020-02-03;77123;15
1288;2020-02-04;77123;15
1289;2020-02-05;77123;15
1290;2020-02-06;77123;15
1291;2020-02-07;77123;0
1292;2020-02-10;77123;11
1293;2020-02-11;77123;11
1294;2020-02-12;77123;11
1295;2020-02-13;77123;3
1296;2020-02-14;77123;3
1297;2020-02-17;77123;11
1298;2020-02-18;77123;11
1299;2020-02-19;77123;11
1300;2020-02-20;77123;3
1301;2020-02-21;77123;3
1302;2020-02-24;77123;11
1303;2020-02-25;77123;11
1304;2020-02-26;77123;11
1305;2020-02-27;77123;3
1306;2020-02-28;77123;3
1307;2020-03-02;77123;11
1308;2020-03-03;77123;11
1309;2020-03-04;77123;0
1310;2020-03-05;77123;3
1311;2020-03-06;77123;3
1312;2020-03-09;77123;11
1313;2020-03-10;77123;11
1314;2020-03-11;77123;0
1315;2020-03-12;77123;3
1316;2020-03-13;77123;3
1317;2020-03-16;77123;11
1318;2020-03-17;77123;11
1319;2020-03-18;77123;0
1320;2020-03-19;77123;3
1321;2020-03-20;77123;3
1322;2020-03-23;77123;0
1323;2020-03-24;77123;0
1324;2020-03-25;77123;0
1325;2020-03-26;77123;0
1326;2020-03-27;77123;0
1327;2020-03-30;77123;11
1328;2020-03-31;77123;11
1329;2020-04-01;77123;0
1330;2020-04-02;77123;3
1331;2020-04-03;77123;3
1332;2020-04-06;77123;11
1333;2020-04-07;77123;11
1334;2020-04-08;77123;3
1335;2020-04-09;77123;3
1336;2020-04-14;77123;11
1337;2020-04-15;77123;11
1338;2020-04-16;77123;3
1339;2020-04-17;77123;3
1340;2020-04-20;77123;11
1341;2020-04-21;77123;11
1342;2020-04-22;77123;0
1343;2020-04-23;77123;3
1344;2020-04-24;77123;3
1345;2020-04-27;77123;11
1346;2020-04-28;77123;11
1347;2020-04-29;77123;0
1348;2020-04-30;77123;0
1349;2020-05-04;77123;11
1350;2020-05-05;77123;11
1351;2020-05-06;77123;0
1352;2020-05-07;77123;3
1353;2020-05-08;77123;3
1354;2020-05-11;77123;11
1355;2020-05-12;77123;11
1356;2020-05-13;77123;0
1357;2020-05-14;77123;3
1358;2020-05-15;77123;3
1359;2020-05-18;77123;11
1360;2020-05-19;77123;11
1361;2020-05-20;77123;0
1362;2020-05-22;77123;0
1363;2020-05-25;77123;11
1364;2020-05-26;77123;11
1365;2020-05-27;77123;3
1366;2020-05-28;77123;3
1367;2020-05-29;77123;3
1368;2020-06-02;77123;11
1369;2020-06-03;77123;11
1370;2020-06-04;77123;3
1371;2020-06-05;77123;3
1372;2020-06-08;77123;11
1373;2020-06-09;77123;11
1374;2020-06-10;77123;3
1375;2020-06-11;77123;3
1376;2020-06-12;77123;3
1377;2020-06-15;77123;11
1378;2020-06-16;77123;11
1379;2020-06-17;77123;0
1380;2020-06-18;77123;3
1381;2020-06-19;77123;3
1382;2020-06-22;77123;11
1383;2020-06-23;77123;11
1384;2020-06-24;77123;0
1385;2020-06-25;77123;3
1386;2020-06-26;77123;3
1387;2020-06-29;77123;11
1388;2020-06-30;77123;11
1389;2020-07-01;77123;0
1390;2020-07-02;77123;3
1391;2020-07-03;77123;3
1392;2020-07-06;77123;11
1393;2020-07-07;77123;11
1394;2020-07-08;77123;11
1395;2020-07-09;77123;11
1396;2020-07-10;77123;11
1397;2020-07-13;77123;11
1398;2020-07-14;77123;11
1399;2020-07-15;77123;0
1400;2020-07-16;77123;0
1401;2020-07-17;77123;0
1402;2020-07-20;77123;0
1403;2020-07-21;77123;0
1404;2020-07-22;77123;0
1405;2020-07-23;77123;0
1406;2020-07-24;77123;0
1407;2020-07-27;77123;0
1408;2020-07-28;77123;0
1409;2020-07-29;77123;0
1410;2020-07-30;77123;0
1411;2020-07-31;77123;0
1412;2020-08-03;77123;15
1413;2020-08-04;77123;15
1414;2020-08-05;77123;15
1415;2020-08-06;77123;3
1416;2020-08-07;77123;3
1417;2020-08-10;77123;15
1418;2020-08-11;77123;15
1419;2020-08-12;77123;15
1420;2020-08-13;77123;3
1421;2020-08-14;77123;3
1422;2020-08-17;77123;15
1423;2020-08-18;77123;15
1424;2020-08-19;77123;15
1425;2020-08-20;77123;3
1426;2020-08-21;77123;3
1427;2020-08-24;77123;15
1428;2020-08-25;77123;15
1429;2020-08-26;77123;15
1430;2020-08-27;77123;3
1431;2020-08-28;77123;3
1432;2020-08-31;77123;3
1433;2020-09-01;77123;3
1434;2020-09-02;77123;3
1435;2020-09-03;77123;3
1436;2020-09-04;77123;3
1437;2020-09-07;77123;15
1438;2020-09-08;77123;15
1439;2020-09-09;77123;15
1440;2020-09-10;77123;0
1441;2020-09-11;77123;0
1442;2020-09-14;77123;15
1443;2020-09-15;77123;15
1444;2020-09-16;77123;15
1445;2020-09-17;77123;0
1446;2020-09-18;77123;0
1447;2020-09-21;77123;15
1448;2020-09-22;77123;15
1449;2020-09-23;77123;15
1450;2020-09-24;77123;0
1451;2020-09-25;77123;0
1452;2020-09-28;77123;15
1453;2020-09-29;77123;15
1454;2020-09-30;77123;15
1455;2020-10-02;77123;0
1456;2020-10-05;77123;15
1457;2020-10-06;77123;15
1458;2020-10-07;77123;15
1459;2020-10-08;77123;0
1460;2020-10-09;77123;0
1461;2020-10-12;77123;15
1462;2020-10-13;77123;15
1463;2020-10-14;77123;15
1464;2020-10-15;77123;0
1465;2020-10-16;77123;0
1466;2020-10-19;77123;15
1467;2020-10-20;77123;15
1468;2020-10-21;77123;15
1469;2020-10-22;77123;15
1470;2020-10-23;77123;15
1471;2020-10-26;77123;0
1472;2020-10-27;77123;0
1473;2020-10-28;77123;0
1474;2020-10-29;77123;0
1475;2020-10-30;77123;0
1476;2020-11-02;77123;0
1477;2020-11-03;77123;0
1478;2020-11-04;77123;0
1479;2020-11-05;77123;0
1480;2020-11-06;77123;0
1481;2020-11-09;77123;0
1482;2020-11-10;77123;0
1483;2020-11-11;77123;0
1484;2020-11-12;77123;0
1485;2020-11-13;77123;0
1486;2020-11-16;77123;0
1487;2020-11-17;77123;0
1488;2020-11-18;77123;0
1489;2020-11-19;77123;0
1490;2020-11-20;77123;0
1491;2020-11-23;77123;0
1492;2020-11-24;77123;0
1493;2020-11-25;77123;0
1494;2020-11-26;77123;0
1495;2020-11-27;77123;0
1496;2020-11-30;77123;13
1497;2020-12-01;77123;13
1498;2020-12-02;77123;13
1499;2020-12-03;77123;13
1500;2020-12-04;77123;13
1501;2020-12-07;77123;13
1502;2020-12-08;77123;13
1503;2020-12-09;77123;0
1504;2020-12-10;77123;0
1505;2020-12-11;77123;0
1506;2020-12-14;77123;0
1507;2020-12-15;77123;0
1508;2020-12-16;77123;0
1509;2020-12-17;77123;0
1510;2020-12-18;77123;0
1511;2020-12-21;77123;0
1512;2020-12-22;77123;0
1513;2020-12-23;77123;0
1514;2020-12-28;77123;0
1515;2020-12-29;77123;0
1516;2020-12-30;77123;0